pressure,maxtemp,temparature,mintemp,dewpoint,humidity,cloud,sunshine,windspeed,winddirection,rainfall,day
1019.1828039537365,15.50021510445334,14.125068512607744,13.268107722965112,11.915654870115706,66,69,10.185305836852919,13.438436393705409,N,no,1
1002.8108571958478,19.653217867814792,16.64312422256489,14.040767238428662,14.49506538379768,68,53,9.837796889796516,16.785313677518175,N,no,2
1022.764221013893,18.193186327537802,16.08011433677029,15.414472910821384,15.434173050447523,69,13,11.27627078309926,6.93432753666928,E,no,3
1018.1117809410067,31.142565465487603,27.493906532018514,25.780284550940596,24.5745592400804,66,70,9.134108592964536,17.572795989888867,E,no,4
1017.3205643577029,29.091436724298468,28.86231480602016,26.812453967783,27.994150915213837,64,29,7.0875816662236515,12.602524500783323,W,no,5
1019.070533327932,22.296643579401685,20.445738743817273,20.201573271686808,19.64480527766993,74,82,10.002987452107257,17.699565763941205,S,no,6
1004.9020748128579,22.589108835152956,17.64149208196998,16.189111236612028,15.97064285064604,72,98,6.1600004422687755,9.580961439282088,N,no,7
1024.1513740231364,23.023295740446578,22.692352714388843,13.891934498591128,20.990812559953337,74,27,8.1828066735256,12.912638021213285,W,no,8
1004.2861477132619,17.792606390510127,14.067661480052093,12.402833493837223,11.82662004509532,72,74,8.522997474298013,9.386415183145667,S,no,9
1015.285788810294,16.818188243475877,16.582606366352206,15.721696939969286,14.700268241242936,76,54,7.937954846340132,12.695346233490001,W,no,10
1015.8734303529741,34.421567552272364,30.117669041099873,34.30675733284417,27.95550358301929,76,68,6.8856110020419505,20.371974653148918,E,no,11
1003.3465652078763,23.6953050133821,21.42668648173607,14.157145738171298,18.79912766060149,73,64,6.910189004739677,15.153633492086504,N,no,12
1026.115557095103,20.968895828972656,17.77414835464263,14.879193714590933,17.315630548993727,78,69,5.8525012617324865,23.448681612365494,N,yes,13
1014.6581712408685,17.2373545064179,15.422450670513234,7.384140716979779,13.002126256121848,74,30,7.009952003979798,23.93898890595988,N,no,14
1021.9572278453388,31.32046506840177,26.430542600015098,25.993403373106613,26.053261065453775,79,70,9.774365205129362,15.55347574836508,W,no,15
1028.9308871802236,33.578269860043534,29.801943876864506,26.679593539047318,27.66309695840714,77,85,7.050609711802733,13.762001678290082,W,no,16
1003.6301258760479,19.493946740631145,17.80351892989387,13.610859556058813,17.113174732104138,76,9,8.28079526725773,6.177475337526468,N,no,17
1027.1626003901838,32.192708005074934,31.838421255631665,29.812661661384983,29.831487920742823,77,16,8.063237170595146,22.647661502814753,W,no,18
1007.2899172718718,24.459458858891875,22.42415905146219,23.516200893973053,20.4472108029182,79,52,8.624876659816625,19.581516989197013,N,no,19
1001.8183802223105,29.56427176882365,25.561309214515155,28.471581446375613,24.986538998090193,81,17,9.550591800827979,10.57090289333881,S,no,20
1026.2345786221174,16.507697767485787,12.467586543827274,7.94802884280206,12.173860359222473,83,69,6.43986207460024,24.379925145695026,S,no,21
1004.9893333181175,24.71282250901437,23.644086013018462,20.70241958351984,23.468179813101926,81,49,9.69398470913924,20.681412038971388,W,no,22
1008.5574768684077,28.93183007200325,25.279303484925922,21.09821478716038,23.293689549073687,82,24,10.03646087252718,24.374187299383177,N,no,23
1022.4392668113719,16.143305458149662,13.222417485854805,11.114801628954528,10.66425780970995,79,65,10.299442673797065,8.716499219614464,N,no,24
1020.2563766081227,19.704077900018625,19.104644830283004,10.80120475872425,18.365998786917128,84,79,10.010082972525623,18.14746328945045,E,no,25
1028.0411877320928,19.085183988470728,15.504224984523654,16.698324462312268,14.31686744414989,85,38,8.95387713714774,23.580366634110284,N,no,26
1000.2794637065274,27.423185109861855,24.608216881667126,26.42337262061597,22.995313669362243,84,16,7.013703110031455,22.61728347372879,S,no,27
1011.0858126621665,18.154936647144638,13.986211873945603,11.119537396270928,12.151178576767752,89,83,7.69529653698865,18.35726407425167,E,no,28
1027.9526811830824,17.07173003836423,12.681095213496269,14.427070823492953,10.011957092479141,87,19,10.258258938425918,17.09659654060448,E,no,29
1006.1079193698235,27.684759177701594,26.364839669549546,22.79944065620783,23.648830196311575,88,11,8.608577763454027,21.586961787444384,N,no,30
1000.1063706726335,30.422384460392543,27.236817573885645,27.802831836049062,25.01312484884185,85,54,8.115465676126268,7.2374776117867,S,no,31
1016.3677086761656,31.691900397720335,28.779352565271367,30.210962542045507,28.397016007424952,83,5,7.405376817367627,9.20153076679508,S,no,32
1020.0080023190662,22.073572692292366,19.27415509657302,13.326445456881455,16.352644028661153,87,30,7.07697151890018,24.524120658619257,S,no,33
1026.4424861398998,15.495727237963774,11.812904879188363,12.173872558499486,9.020457221043387,87,94,6.066253417128055,10.33611419188944,N,no,34
1011.4762516779081,15.774492153315729,13.421042047885777,13.77876385305821,10.665686344197292,83,29,10.305382263970955,18.20066365497258,W,no,35
1009.8478585359312,32.287058840605724,27.452613320363916,29.49580891338701,25.528168104541034,83,68,8.984250658927966,5.552010702392717,E,no,36
1005.3570344851739,34.25068631523111,32.92335450261626,33.166660843083996,31.61966322692233,86,40,9.01803058064696,24.6847169863318,N,no,37
1011.5558630003418,26.53176086993199,25.25814833923908,19.443908031590283,25.253074504583193,88,68,7.205714265427367,23.805262407951066,S,no,38
1010.9266441534379,16.399476222526204,13.078287797969843,13.09747586210024,12.136540862794764,87,92,5.659765824514543,15.142450080705384,W,yes,39
1020.916252425832,26.088249553335874,25.129049088385138,19.43895521120816,23.991613257017512,86,22,8.482425420243098,11.018997491311307,N,no,40
1009.1162484780506,19.20365369765284,15.27485956026494,13.137037992855213,14.308111871055326,82,86,9.211492995054497,14.463723718186525,S,no,41
1019.7655223499527,20.67572809986055,17.356458918335555,14.483120046236795,17.076297318108868,87,30,8.036021647214165,9.492813319945766,S,no,42
1004.4206188673732,15.924274361855169,11.004594247945912,9.811534631248367,8.699126230945321,81,80,7.52164550295341,19.366918309979773,W,no,43
1014.831315070313,19.879688791568775,16.599398736009853,19.824240610188458,14.346505306154434,84,13,7.847897966163375,9.376822736246389,W,no,44
1001.5065515542192,19.983965593199432,15.742283856441134,15.419347338497706,13.33803405127434,82,71,7.602738407652902,24.000792168863118,W,no,45
1018.3795696828529,29.38547922551934,26.86158840139733,21.07978752830519,25.217972549564845,84,95,5.792525451083689,14.001395144938162,S,no,46
1008.3193405939222,30.553496706679436,28.1305116213281,28.161038068533106,26.810893841533392,82,30,10.041424464589078,11.394191368375246,N,no,47
1004.1512218454847,19.625229594563734,16.155480533068474,12.561038177618212,15.96279398092684,78,69,8.290378483244247,6.245314211671706,W,no,48
1011.6843043800083,30.395915446293266,25.665605278342763,30.200595878915994,23.02363526006929,79,61,10.750519582080035,12.035176053436494,W,no,49
1025.603438517073,34.06860676940212,31.973500356253012,26.593450079621615,30.335103427051497,78,28,8.998852612248747,10.458706235265131,W,no,50
1000.8707445984014,21.722590873967647,18.326881448825898,17.679424182591276,17.831747255215372,76,16,6.776390112405384,15.682472590650088,W,no,51
1017.7567832688374,28.259995136723226,27.840257825913227,23.97386744011228,25.239703759127835,72,33,9.444480679059302,9.233205684229631,E,no,52
1010.1250164422161,32.59279972003791,31.20151664184388,23.080758521432294,29.936822161567665,78,60,10.703083564749948,15.788380958450674,E,no,53
1006.7266649715924,16.37236740905539,11.585939395173547,15.969786033647724,11.49284939853141,71,2,8.85332171706921,9.770898837778116,W,no,54
1020.0837653385973,26.27939163860038,25.18956893406786,19.28474192613887,22.888874638999138,70,77,5.641326279493956,19.367144571920164,S,no,55
1028.9416231910227,17.161974993152132,17.0335828656648,14.04240254920518,15.001541005113575,77,50,6.292647007293452,8.966595541834305,S,no,56
1003.0570391633793,30.44961769902448,26.198151503580497,24.445501550856036,25.834986308378554,76,100,9.794654348969319,15.654904906210005,E,no,57
1002.0687020955892,27.9508650811361,27.887604330306836,23.750277672717825,26.41699921533561,70,46,7.902074469492771,21.574146220049165,S,no,58
1013.0646143502303,29.675906080267836,24.84853742407745,26.97508211639383,22.42393976765718,70,61,8.45563114182746,21.51469196841511,E,no,59
1009.6691374894335,19.909903381873818,15.236793988803818,17.120620889949116,13.884387988222507,71,72,7.508341478847397,12.579786082565281,N,no,60
1014.8291951084776,21.50028335777519,19.062533695818466,17.952033696014237,18.28747646924243,65,76,6.974081248338992,10.525371515123698,N,no,61
1015.498817551448,18.82112847054198,17.61434821867858,14.756847223836786,15.948819583932996,64,60,7.570485501295239,14.816426701571723,N,no,62
1002.7916005166402,19.4319280094506,15.972992232974592,16.369867708149716,14.22832547697749,65,67,8.941213029268987,24.93262927918664,E,no,63
1010.554315828425,24.07490525706357,22.541790300319416,21.769524844078493,20.377937306341206,62,95,7.42068017308125,20.24379218968206,S,no,64
1005.7462291903164,29.77209307017901,28.389594935335566,23.8762240105711,26.108971249216317,64,12,7.5968581833646605,10.92492926530289,E,no,65
1005.3832463105621,15.282967345121277,12.61229189878296,12.539854077288604,9.689407105474746,63,89,5.499551926021296,17.75739310211855,W,no,66
1003.0776294036328,15.245308067510159,13.823611431824412,10.458165981446179,12.801493634143535,66,32,6.654682016159484,14.554583745313753,N,no,67
1012.0212232675582,16.481643405112795,13.334414870352804,15.945552662187463,12.886822116931839,61,38,10.81409545801885,9.963819104202322,W,no,68
1018.1895295372889,30.81481659686839,29.686380911543218,25.589091245566213,28.334837516876956,59,75,5.54984369766601,11.107604886387207,N,no,69
1018.288927367354,29.8017861096909,25.063835108064012,27.723907051455388,24.430759522147834,60,20,10.400674111626538,16.039844911555182,S,no,70
1000.0802716780865,24.010074092354046,21.04101811675623,21.09748120204377,20.346589413088154,60,89,5.921966343297387,6.423595203069585,S,no,71
1027.7173313344765,30.75656053293463,27.63127049711352,24.14473010440095,24.83026512177698,56,69,9.495952748669882,7.979788021506584,E,no,72
1024.7989347895018,16.428196737116284,15.59858279101266,13.352078610973958,13.35170962480379,56,36,9.084232756631312,14.373959405523237,E,no,73
1020.9920105492715,33.853524814880814,31.351163929291186,28.91557262142997,31.109838373593284,50,55,7.227330383571923,17.07427281891821,N,no,74
1002.7398065989296,34.23822204385674,30.05842897432583,28.486230951657433,27.206070140906775,59,86,6.172893773708083,16.524939692054936,S,no,75
1014.115024697549,28.030189788673727,23.44982584903989,26.215298316442468,21.693836973206327,54,62,5.914723819671481,14.400207899207034,W,no,76
1009.9992518099527,28.40267019042371,24.114004718421945,25.104633554634056,22.032983696471646,50,51,6.912169826310137,16.00193217943566,W,no,77
1002.6417937832737,20.047977018844154,19.468369011689365,12.322497758446076,16.873637259533727,55,0,8.711698067584354,15.8518718871439,W,no,78
1001.6261225613018,25.368787849214577,22.25561848620602,20.38385682539269,20.929495619039237,46,34,8.573901804573342,23.553455216888956,W,no,79
1026.4253985207342,24.694235938999963,24.549888726791647,18.394013168959358,22.151947526968236,52,39,8.465804964986651,16.045028181074663,N,no,80
1006.7410197836736,31.82811363234071,31.260808042819484,22.357506208747147,29.31767897646821,46,91,8.72069219869107,19.108232598517073,W,no,81
1025.0417183673007,34.604892652067505,33.38623812169181,29.09224188326281,32.235480081950364,53,65,6.968537272538012,7.730166891817292,N,no,82
1008.2874220846612,30.800123640062267,28.725411522305542,21.457639703237067,27.202198494876573,51,36,7.649745086932337,21.749518452128427,W,no,83
1025.9578178410072,23.93094786086389,21.509240933105286,20.606548303756394,19.22062290024535,46,41,6.831991583829657,24.615492626651886,S,no,84
1017.153929259547,19.67124892115786,15.793526545661567,19.234775930184842,13.55941109096598,49,48,9.109606237545087,18.273776589690694,S,no,85
1014.8598594884927,15.740392226911524,13.228936476246695,9.838587933815854,10.619835536160048,50,56,10.38144151129011,23.208833553929338,N,no,86
1021.6733148271193,23.199572394927287,19.92566576278862,21.6559602072118,18.517193959834422,51,43,8.02370299739001,12.94966647771547,N,no,87
1025.5529587705207,32.046826731317864,27.75011581047653,28.246732756091312,26.800132348676332,48,97,7.620262573049105,15.820320253953202,N,no,88
1007.0431072930606,28.687991488118335,27.251096467908116,26.413128681115197,26.97995847560121,50,97,6.891260856096045,22.451584652141815,W,no,89
1004.9909436018768,20.989321604881294,20.844585357893454,17.74557493706827,20.676227673578435,44,55,10.172151021503009,15.6233263629752,S,no,90
1005.0995094720429,16.579367013199892,12.225169019975617,10.38226332782574,11.502679644406678,49,18,10.47905777852424,17.75809262007137,W,no,91
1007.6598012447746,15.18794862909742,11.164783244221688,6.17585439310859,9.13195058712445,41,56,6.15382182532677,24.753033904369428,E,no,92
1019.1681610708004,23.486178769217954,22.235687647179446,15.033139517791968,21.63803664985277,43,61,10.246733662888195,12.62728595315258,E,no,93
1017.2443579053594,34.85384087253795,33.3776871031216,25.074396026769325,31.40299765533556,42,72,6.234663011513669,20.566232315401557,N,no,94
1027.3185086115614,29.903443082679402,25.73924858431346,20.87409389818165,23.41202564550332,42,45,10.004977305359473,8.802639785541766,E,no,95
1020.3329337587007,29.41856753341418,26.12265983183041,21.035196363789012,24.237915520769718,49,82,10.162887130195912,20.772209680203076,N,no,96
1017.387214161052,29.647195358784764,29.19652848005367,26.696090842493213,26.954085885238555,41,16,7.747435944847474,22.52921193413281,E,no,97
1015.9255712110836,33.269739489633935,29.11737639179695,30.70003864400131,26.643306954169727,45,37,7.527203246414775,11.774305076037725,N,no,98
1014.0499416655808,16.50598721813515,12.735229752828474,14.249840261144447,10.706258578672925,47,50,6.163651263499839,21.09175288041124,E,no,99
1002.7090862670575,22.891491206574237,21.56919831481212,21.655603838939314,20.463441338964003,48,33,8.41719954173917,21.448346024535486,E,no,100
1003.250383065977,19.676438044231663,19.55131479599925,10.83408959208314,17.867092649249614,49,28,8.201738096802792,17.708078447558783,W,no,101
1027.2816291528368,21.043803490585006,19.00232421160794,19.646033365512796,16.163539612962104,44,63,10.159397596374452,9.696000648626582,S,no,102
1011.6593749345043,22.420230309737654,17.673326467678127,15.455390393361325,16.05274898139122,47,93,9.367385487950825,13.297690548736139,N,no,103
1025.0107924988897,27.313044281023124,22.61777895245485,24.515642880165238,20.546936961212158,44,56,6.127224150742865,22.109003866119092,N,no,104
1029.427831549722,22.34669916994361,17.838218107820335,15.898431072403332,17.65656784032051,45,15,6.954946058689313,21.48382163863143,N,no,105
1019.8830621418593,27.834089344664353,24.84835954706663,27.620514797300647,22.48797577570278,45,16,7.745109500118421,9.104111502857528,S,no,106
1017.5914925074469,31.26105962242118,30.09606622719102,23.51737384437298,27.730134964358193,49,35,7.007969368099118,7.8937596064101605,S,no,107
1016.2064637058945,30.970276471152474,30.420644731705295,22.305797586084463,30.025235043019602,47,100,8.810341969547684,11.475429239240448,S,no,108
1007.9610252497492,17.535170874255606,15.43036808970521,16.39867780639014,15.239693975263801,49,46,8.513810211954041,7.18108020007691,S,no,109
1028.3624692891033,15.867300737983435,11.951165758081537,7.197491660385051,10.386812113942284,49,3,11.63587296252747,14.579638219967265,W,no,110
1012.7882085783998,17.159236593584545,13.597230019099063,12.723613299954458,10.89942972372846,49,18,11.311588833399432,10.500319991159063,E,no,111
1011.4271319645557,26.947837103986267,25.473348374236817,21.892326359129463,24.182750396765947,54,14,7.456036313522125,18.018333297626107,S,no,112
1012.9020982499916,32.76182043976986,30.692752583885294,24.487628191969417,29.496562031114436,54,40,9.06617996869521,18.302157261206176,E,no,113
1028.6077755285737,28.736420709339534,26.36508128139402,27.824172825679046,26.10898820939916,52,95,6.406020007556421,21.23538570554785,N,no,114
1017.5939524821844,26.231728279841448,24.583498372760424,25.009415426295856,23.522704133859122,55,96,7.965315721180582,23.316873419442874,N,no,115
1029.0519587593442,27.00820182449354,25.249970896027794,21.229016640594992,24.611754479011775,56,28,7.203625759325236,12.002279884423823,E,no,116
1003.4465594059093,20.571364249899986,19.440568778260747,16.280240141082174,17.75767167301665,58,79,7.352133597322675,17.85398327659663,N,no,117
1018.269847466592,28.156624559977768,24.689268620699472,27.867092749365085,23.8694574545613,59,43,9.38488289631509,8.628111164251372,S,no,118
1016.9896328428413,23.015686879990312,22.306313609233968,16.683966753435172,22.21434231409125,59,27,9.579027971482557,14.072915813460348,S,no,119
1011.1015927743101,29.431919354853463,25.54774125501976,23.75598378870949,25.292870135088222,53,20,7.827820604375072,5.995249848659143,N,no,120
1008.1630853063866,28.238773856165224,25.810465331710244,23.818331989187435,24.990964798615934,61,14,9.994135722595692,7.217795444018611,W,no,121
1015.8080232144443,21.16838783702513,20.065795659512506,11.323931253813933,19.901449783958263,57,27,7.62325236345698,20.283217915224952,E,no,122
1009.8436706781353,15.154598131386239,11.4195275142374,13.397650112627815,10.27890517709169,63,64,7.926382161626436,18.36096343490484,E,no,123
1002.1622648977648,32.23528724045177,32.02377593263781,32.04787187459531,29.260288629130574,65,73,8.393578568495823,13.088457690104686,W,no,124
1008.6854561675727,23.10064614129909,18.26964768613346,21.381914335518402,15.426804758153217,62,88,5.641151241293077,6.762597625957694,N,no,125
1007.299494244682,26.777425766058236,24.15761305105508,22.819758797464907,23.226789365547496,62,42,7.264410656983678,6.5275875494604225,N,no,126
1015.9181446231795,18.878074125338006,14.99693297871633,15.367076775764403,12.12226293172488,66,18,10.45865575526638,7.928884365553888,S,no,127
1005.2049706732629,18.057395780118597,14.261633879890745,17.30386304432783,11.407757458151998,67,59,7.047770873765071,20.19754299215497,W,no,128
1020.434004349445,32.64096313185867,29.426003978500837,22.775643654500076,28.456379253570756,72,40,10.445212993034614,6.365725169915121,W,no,129
1018.9415536007629,30.926593583028563,27.96949479887346,27.407171356827796,27.746922830353597,67,4,11.635549745830238,21.63393263326243,N,no,130
1019.3399940872752,34.547370650662984,34.09588813059647,28.606572464370647,32.942440700849076,70,94,5.640616172215987,13.994674073018125,S,no,131
1009.6458028864129,24.51258055886139,23.758275175383197,23.893843557850385,23.447769543572022,74,43,6.228072094533013,6.6865826404912765,S,no,132
1001.1742637860202,29.152434086465576,24.197503973231136,23.911748554763832,22.36808775426311,69,36,9.34291720238442,20.48929577147471,N,no,133
1023.6768079469099,27.946107139386136,27.61654786798755,27.00104766423519,25.581409833467305,70,92,5.902168700077978,24.2882005730782,S,no,134
1010.0008610818167,26.654790291728393,25.947648388806805,23.15658241636995,23.044558865728572,75,50,10.355241708642199,19.176680287421078,N,no,135
1009.2874566224789,22.533586121126003,18.575276331808286,14.401738282977993,16.56492713182412,77,94,5.134179435170649,23.24895970916649,N,yes,136
1012.7021909896631,22.236561926935693,20.42357358202547,20.433932698167247,19.780995598398768,79,62,9.799973831678068,24.99953242206057,S,no,137
1002.3149525290263,31.888567773717668,31.3828639553782,24.179820570086658,28.87750447547453,79,4,8.610353813142913,22.527855450854837,S,no,138
1017.9173932321488,18.08505522642243,17.180825390578946,11.156598817810163,15.306603950717207,80,92,7.9716329743082674,13.21717222993067,S,no,139
1029.0876581022587,27.211908442516314,23.449952616958885,19.37390484816789,22.74794378395261,74,100,7.654921974838736,21.702267854514147,E,no,140
1020.3492047519528,26.40838786727783,24.20540084973273,18.714002347522072,21.87102873798295,78,53,6.108659233970263,21.3378247916248,S,no,141
1026.1900576017804,16.043596065220093,13.640642787910968,12.331474999175768,10.83776212591847,80,66,6.424169759576106,10.701260281186569,S,no,142
1008.1837389877408,33.10612417956482,32.3693808996068,28.731398577615014,29.53014111057152,76,57,6.436851131409963,23.6094385425255,W,no,143
1001.5977066151322,25.040142293864708,23.861251924547545,15.094888781481796,22.73651390429424,75,12,7.564118561941972,17.999213685883632,S,no,144
1004.1279876317761,20.737587946265364,16.58878003050125,13.776868060505528,16.17240195504669,82,57,7.783258714182259,23.117149782065415,N,no,145
1007.6777178531113,31.69926198564762,28.95524075842844,24.426914132398302,27.371926240768268,77,36,10.091798866795331,7.436966903172351,S,no,146
1012.5947663126033,30.877982172788762,28.592414089606518,29.769403219888613,25.876973432620524,82,2,8.80022528993429,16.50094915061267,S,no,147
1008.7381596332577,15.03128671866798,13.267206520537812,9.324649558443692,12.705264785142663,84,67,5.786727545238891,6.35358645817692,N,yes,148
1014.1040523447546,27.7134158293726,22.8082187166148,25.176913218680472,22.759492023287958,85,44,9.914370378071776,18.142088000216628,N,no,149
1023.1450412232957,29.703739696246224,28.0411466543863,29.260382813294143,26.403105418763225,86,22,7.408081716181986,18.69365132817967,W,no,150
1018.9520754327501,31.22995363695213,30.914450951791004,23.46804963991791,29.541412219448944,81,5,7.944453933854781,22.7158077123621,E,no,151
1028.001129398512,25.307671785089976,20.36205827360936,19.877364808548116,19.602116978001508,86,24,10.089445522242256,22.24277060938501,N,no,152
1025.9739483123417,21.63849372762689,21.016118686404972,17.958301984480162,18.34765913536813,86,49,9.324816857959195,8.736344351798774,W,no,153
1011.0204078087904,30.945817607533314,29.6122141285224,30.119702541192652,28.338715144567157,83,23,8.812628013276814,11.42422856429188,N,no,154
1009.8375971602468,20.91279898680685,18.683220171308584,13.736169873690281,18.183285855110842,84,57,10.648224185749353,22.40074350112784,E,no,155
1018.4455444659629,23.69881008186271,20.501463529400308,15.78403179356503,20.32938933645075,86,51,9.163444346745088,21.0219195112434,S,no,156
1028.5836818883881,17.855589367250996,14.81772485064672,10.042469669816331,14.713327953251094,80,99,6.794185621502679,12.243011650868414,N,no,157
1018.1528448656436,28.5812411382679,23.837123491940115,24.86110735356106,21.547870076544378,85,67,8.825250256730838,11.287708826297632,E,no,158
1007.4883495928019,17.26897225170036,13.590597954303224,12.278532649135695,12.429635814185433,85,33,7.465177582342559,19.080756224136515,S,no,159
1029.8909533646429,20.71153755396316,16.129143006253756,15.79953560142092,15.761230740541842,88,57,9.996718180079794,19.26739788727629,N,no,160
1024.315396550729,34.35122472726125,29.41835142904882,27.67282682237157,27.289729968590056,85,37,6.8033415882305555,22.02724101506252,S,no,161
1023.8108915153501,25.175114903486016,24.568302628093733,23.165311191709158,24.151672011978636,87,3,10.135517377778088,16.445548142330523,W,no,162
1024.1098517886576,26.032938678528552,22.973196865425948,25.170783862009223,22.04532471284056,89,92,7.76667445042373,13.215902413303338,W,no,163
1024.7001819852517,16.475014258224782,11.613115600655952,10.051628364360969,10.263192113666964,85,44,10.47832694627493,21.58107456270798,S,no,164
1023.0334491207298,17.580659155937774,15.0663402236909,8.898542881743888,12.572167804288277,83,38,10.41671460054938,11.453215023091111,S,no,165
1010.3806924702562,33.8180810986307,29.34345151452508,25.358744037072043,28.59163558757908,84,70,9.227744833932434,17.500447228971808,N,no,166
1015.0771943422379,18.372718034954136,13.664683095611156,16.830775366158505,11.688484475459894,85,77,8.771902066970988,23.478594506326026,N,no,167
1024.7570880197989,15.567469757977552,15.340160741520842,9.15293241973395,13.609847047088705,84,98,7.179313987769679,17.36216852649915,N,no,168
1014.9411418040835,27.543280205961686,26.094921921953656,17.976778506417638,24.646087467427396,85,87,8.229537366277208,14.070882659103425,N,no,169
1004.7424134104563,23.3124349242823,20.990224135405626,19.910509240764526,20.559218061917722,85,40,7.529001225977265,22.215547315086507,W,no,170
1003.9229845465716,22.410803961005826,19.60254788226398,19.219645096974254,18.203130181142072,78,31,10.675611824959082,6.012105836005805,W,no,171
1025.924915510873,23.36269486669753,18.549265605500846,14.339586595955558,16.108832066182497,84,92,8.596425395688636,20.26242750277257,W,no,172
1029.8790823328625,24.336302354747012,19.940924036744917,19.362599624271922,19.670776751613563,78,58,6.006566847237623,9.302888450524822,E,no,173
1001.4597439878896,20.627126767470568,17.639532912419636,12.198630298340944,15.621971101123288,76,1,7.7441381730326615,13.61855538695081,E,no,174
1021.8252419007817,30.27713528323979,28.447448520651974,26.271319073092222,26.736603589008887,75,70,9.156991514804522,12.72697649959557,W,no,175
1022.9321234412172,20.59441355247964,15.648960049376027,13.790427151291032,15.292526990205259,82,50,9.1340083183759,24.735753288728787,E,no,176
1022.6489551687838,18.981157631049,16.43554504992309,13.980378595342563,16.299634992521867,73,42,7.14017072402894,15.386654206661666,S,no,177
1018.1878156721141,25.31011464294508,23.67028540476245,19.1794334322983,23.182779267131632,80,94,5.906990363179358,16.874493112619735,W,no,178
1008.9937169421224,31.314976664876482,29.473187615547634,24.576912740146316,26.533493522010147,75,92,5.7995044293983415,17.585209612048736,W,yes,179
1019.6677291653091,34.44113728048831,31.548765619360417,32.16570502750009,31.394700123999254,73,67,7.514873794273182,17.39471611002179,W,no,180
1004.43327124901,28.614537901013577,28.45668533430308,19.132486193170564,28.12699877030199,68,40,9.106098509154048,13.259202195778528,S,no,181
1012.3113222796811,30.49944603614182,25.896841286655764,21.771268947018616,23.68932947284972,67,17,9.066583942199436,16.217735458172786,W,no,182
1015.7643145420011,21.275051974756344,20.409139855469707,12.153810365516241,19.38215880242417,69,98,5.701727982725033,18.614917791382833,E,no,183
1018.3022974023626,18.84528338273427,17.612687705097468,13.264416874660228,16.938086591119017,75,38,7.384128654561783,19.098018736731674,W,no,184
1009.5112223505535,21.97606348402613,17.30756161017213,14.022009924002795,16.48718899990586,65,86,7.5640456150586095,22.91520923080452,W,no,185
1024.5513238039168,34.09217726782923,30.069098098046375,31.187650747899873,29.206207073203956,70,44,6.499951840550597,18.119441011018154,W,no,186
1006.4196042423102,31.559034070160674,30.203370460170795,25.938853873385828,29.388506060053555,63,94,7.185847507145925,9.849160768205735,S,no,187
1019.1383372022591,16.049822136789256,13.983315306547963,8.87624157428682,13.681680592215919,69,0,7.177406163873056,24.558214236661744,S,no,188
1012.2072235464065,33.700641971923034,29.308643864351893,28.92615676751407,28.71027594034909,70,41,9.75292329349004,6.183251724829814,N,no,189
1019.5689619125724,19.64440398442034,15.950971373077163,11.141072968664405,15.839076633362234,68,53,6.528775134175834,8.51577415077725,N,no,190
1029.9151540926553,22.939891485565994,20.462971998957205,13.573804037788365,17.57657785870718,67,4,11.873664157599501,16.359237373289908,N,no,191
1027.8536453805104,21.700842273915057,19.42909688313108,15.287718178765683,17.85614127862452,66,17,7.404701307110017,14.3604153801258,S,no,192
1024.2644163472905,21.61368193663571,17.95808576759184,15.130828549543295,15.80229124722418,56,43,7.186161677873721,16.355624448418787,S,no,193
1005.2648474151539,32.12293008546915,27.637716276549273,23.853031832706055,26.091874299669886,56,85,9.823074471027361,24.63370384881077,W,no,194
1009.7080501025525,19.9609416733429,18.657015288015682,17.60572914532756,16.39574533267131,64,38,8.327696242225077,16.457546951090656,E,no,195
1019.6105010121059,28.855371808454777,28.544750149452096,27.673123330415052,27.624331123441237,57,64,6.104469930264415,22.756028280192172,E,no,196
1020.7087113225645,27.774226503987666,23.071048385258166,24.098787472965963,22.408500665352,62,61,10.014072176554103,19.95469674301713,E,no,197
1012.4753684629368,25.984690176367295,23.630549791970736,20.609513299435285,21.638266473951745,53,31,7.978290400403011,16.916289310624457,N,no,198
1015.765199686605,25.563462481463866,23.754538138842648,16.39101541365411,23.417911764230837,59,64,9.709216105166762,15.733203165211139,S,no,199
1009.8435291322662,25.406830823695742,24.825630712772423,23.352815968302128,23.07618767744937,50,65,8.472586539063897,6.112716116522594,S,no,200
1015.3974352960493,24.135969514237523,23.8472856095749,19.512186456848287,21.426539551911723,56,50,9.727713904661938,5.060309431821775,S,no,201
1017.3493379517711,15.905796054556575,14.183151721745903,15.268196933435743,11.200780740315142,57,8,6.909313759588615,14.441424016913007,E,no,202
1012.2660080745775,30.379441251669654,26.550302837051095,20.596108402428644,24.612660382759604,51,48,8.797314336686572,23.34230153363456,W,no,203
1011.2693660140596,28.65460708203083,25.34564439140349,23.261604442842227,23.385042096147384,50,22,6.5957661196120645,12.861172635680816,S,no,204
1021.8357442271838,19.45380431932533,19.43643784460079,19.226451046105662,18.541348878491842,52,69,8.499359851332994,12.585529360675876,S,no,205
1007.4253611551133,21.923194699752536,20.544946060776898,12.549091088401868,18.369874223050143,46,84,8.22379700754124,20.321069350278066,N,no,206
1007.2199888242964,16.345818057789906,13.37609732039312,11.881407395303881,11.360026409776463,53,31,7.677294607600692,13.045307016218127,S,no,207
1016.1927942672229,30.08771417494569,26.207396067622188,28.68635842379664,23.226945743893044,46,93,7.259448322098565,16.549496292757638,E,no,208
1007.1071210433016,32.525166443476145,27.596688639850516,27.31265590082691,26.356008020510103,46,71,5.837398724866393,22.59427781927766,S,no,209
1018.7797941294499,23.54401164589087,21.065907708425765,13.821109292454011,18.24114847893003,49,100,7.377684700536189,18.926168146181794,W,no,210
1004.4765282347549,22.52920377014264,18.757123283952012,17.79401556602044,16.20910048717189,45,90,9.478241254174106,14.260503189972217,N,no,211
1016.8715784876073,34.355723770932535,31.56928997993617,33.014796260341754,30.84071443166741,43,82,9.964647833025973,13.99573651658496,E,no,212
1002.7739198958059,29.491694246144036,28.539286153990343,26.807078367594222,26.518270392086606,47,9,10.879183530336224,20.2339283507442,S,no,213
1014.3818261941275,32.38947703049076,30.724655476396652,22.81927942522403,30.678654357711174,50,94,9.53341900278333,24.991440140356232,W,no,214
1027.4332389032677,28.912525714099637,25.393682800721116,24.946205116337286,24.67568992383202,44,36,9.376691278135386,15.673002548325261,E,no,215
1009.2526685286078,22.192892359616835,17.778832597806634,17.53285169057733,15.37038273234657,47,97,5.861344092181575,23.28660997794978,E,no,216
1009.3876605661058,15.914308959621895,11.593884752274484,8.501785172457005,11.545225049270702,45,74,7.624285369812997,13.351561471103473,S,no,217
1005.8857534818051,19.60037252006527,16.751424956545097,17.14307235631183,15.099497358993872,49,43,9.853366211825588,21.431838793847128,W,no,218
1013.8248699534462,29.65544474050038,27.89456389884041,28.255859454694207,26.254924912663046,41,69,5.668382295600718,24.144737878252872,N,no,219
1025.1720548078486,16.48660822886051,12.396628674586744,16.00146428689639,12.377477201264407,41,80,9.242833039612773,19.143391274069195,N,no,220
1006.5615901736318,24.12019317942868,23.817942584863584,17.742907261822122,21.016231421569582,49,84,7.880728079984644,5.132247139843178,W,no,221
1000.3555290438368,25.58835293683301,24.214649250843852,15.813559454507894,24.16322145803657,48,86,8.12713395661981,23.794238255884256,S,no,222
1003.2104928608347,16.92627780502817,16.18179037632692,15.00695723511204,14.60242242012627,48,34,7.345318339582667,6.580384876288708,W,no,223
1013.7699323665355,19.86415788385764,16.377976303364143,16.864411480458408,13.893790067224002,41,83,6.542070749115776,6.870010108542188,W,no,224
1011.3150870545286,24.52010200263782,21.336361624859627,17.49165050244676,21.088303257342222,48,82,6.438118446049445,16.3171325590207,N,no,225
1026.843736364281,33.38304430880424,32.234211823299155,24.37031471855839,30.15734868594473,46,34,11.087190146291285,6.486961198513022,E,no,226
1026.9793495259503,26.27019728095967,26.105688380192312,16.982533668413076,25.16223430051236,50,75,9.779042193582116,21.41381482969394,W,no,227
1027.8662482076,20.98553779161725,18.165746793498425,15.318578592706467,15.617419517630145,48,69,8.961350801890859,20.112185290417845,S,no,228
1023.7149425570245,28.7862108236795,28.39407236858686,21.331645211130663,27.356493874029944,42,29,7.226626711934125,11.811854929502118,W,no,229
1029.0676158160466,21.527532939557084,18.356918202533407,13.692051549752462,17.00526761825433,44,70,5.894285775146374,13.636958924790894,W,no,230
1002.5708235291021,27.372317805197756,23.382041936184024,20.2412324784139,23.13592790716458,44,91,6.260548590648886,8.085537812062395,W,no,231
1009.500346860446,17.131018354225223,17.10504224237507,14.048343802862242,16.02528975033438,45,16,11.24351383822442,13.619590319520782,W,no,232
1003.0987878202487,16.79237683920775,14.021277812219891,10.823131286336839,11.667961639461469,52,1,10.520763243518395,12.755991187567874,N,no,233
1021.7453153210438,26.19073091524952,21.227079914609238,23.763305711631084,19.663766322318743,50,21,10.885799705202917,11.022625307501375,W,no,234
1004.3780446193964,18.344148015182654,16.964338657170636,15.346625475967022,14.616338784674179,48,31,7.775502737722037,14.916048734457252,S,no,235
1013.7358489871708,17.70979051361352,17.675953666486162,13.75287072934946,15.151113506320609,49,42,8.958885392593734,13.612324418943444,S,no,236
1009.0130585403737,27.06422536779626,23.587763890186856,22.27412794384171,23.054852076229434,50,40,9.742759242099734,18.8991553534422,W,no,237
1029.032892564508,30.63948739207153,29.010056204857,27.836485927429354,26.65245660982582,50,72,9.560999756446964,24.9452985146089,S,no,238
1020.4513789939026,26.001983139949456,21.236960082517975,21.38576091161797,19.111858928749783,52,37,7.103590956448194,6.383173438752525,W,no,239
1020.1893295718662,17.783582453926808,16.269419241373352,15.256765604615891,15.806989538005784,52,48,10.670174322088556,24.81401228873936,W,no,240
1017.4673205764901,25.687348024042343,21.069869254010108,16.99101077925536,19.814967177058428,49,46,7.5718285647220345,21.245939513579902,N,no,241
1003.2810827573286,19.964619376898057,16.641149940915323,18.30123444409694,14.803116233975432,55,82,6.9726405206790725,12.992354924501646,E,no,242
1028.9715033314149,23.609110877803644,23.556372013880743,21.02172717376709,22.02434329230561,56,74,7.081677956013554,9.420634723570727,E,no,243
1011.734025060325,30.44684464924864,27.503894866547903,25.442186833051295,26.468992703749347,52,13,10.26283889740797,23.410950893421152,N,no,244
1003.4820801387692,33.81352316292386,33.10514727876612,30.694619723948442,31.739149373088487,54,61,9.038498516821766,6.952460622514178,W,no,245
1009.567284226531,21.005281663638804,16.954351979045313,19.854428996650945,14.406811954904583,60,86,6.279749371247214,23.59844892977185,S,no,246
1015.4798170569062,26.0382057965004,24.383257518734553,21.774511960283576,22.997095046251285,62,80,9.477741124243032,17.809577533201562,W,no,247
1011.8674713438434,29.747767390922743,25.332280518826217,25.252017277181945,24.043621995516187,55,27,10.431077603163391,20.04650990720983,N,no,248
1017.3204371560556,30.990047137734194,28.305602084880974,27.332116843609047,27.71437925943834,57,85,5.986817262713463,15.554300392555653,E,no,249
1017.9091248784898,27.226168422780038,24.291144849953948,23.746922048412493,21.75459144194527,63,86,6.750058195270099,10.948896693987038,N,no,250
1020.1633024515095,21.26371489731396,20.07085126512001,20.09422585760644,18.95093305222708,60,49,8.928804468943706,7.75734597069115,W,no,251
1012.6911634621964,24.733404313847664,22.04650796385756,15.541794346700845,19.254423150741825,61,21,9.131789869038956,7.8059307019559405,E,no,252
1025.2595564240964,27.3881995757835,23.060588421501436,17.86978007090383,21.606761663164384,62,49,6.200854552925302,15.108760394613407,W,no,253
1012.2740304510362,24.834517600481277,21.28380573625229,20.396000172388653,20.782045273968112,67,97,8.957352468517055,5.653901737161416,S,no,254
1016.1282585461446,18.364179548731475,16.07757261236423,10.938997029433605,13.779813947533157,68,14,8.856429730273536,10.357778187858017,E,no,255
1016.2613013735289,30.13572484874882,26.335704194287278,25.722059051459112,25.68007838925706,67,94,5.969646417287302,20.026909894873445,E,no,256
1026.2442953883065,15.644607908983875,14.330531785277737,7.022611654008633,14.06958276729697,73,15,7.821841750596133,9.738921107333624,E,no,257
1025.8314608881074,27.205236052389537,25.064400746118313,21.043724054567985,22.709852816206556,73,7,9.009628275975007,15.645615947408231,S,no,258
1009.7096084756405,29.08107523510377,27.634409017779053,26.40764457232297,25.06035848294028,76,86,6.204095470636147,7.711778128560183,W,no,259
1027.5630613548947,34.84972451289349,30.514486560724595,33.58084282675539,27.916250175751124,69,91,8.569516441953116,9.951094800453422,W,no,260
1014.6837617774692,26.54851058608323,25.204924825645797,22.40625969243285,23.848949657994705,74,98,9.574526079786914,15.31226944175398,E,no,261
1020.8411084718264,32.54634713665712,30.272868891285015,27.665902332280062,28.527002257278074,77,93,9.674291709552262,24.44300583875913,E,no,262
1025.503187193721,30.913558532956905,28.924979192013588,21.23227273219867,26.450436249105522,75,41,7.038281914755959,11.755103103415747,S,no,263
1016.9842633275142,24.7067580801701,22.988059977407005,17.881238819238042,22.842832193951836,72,100,5.816489105687225,5.325627047454889,S,yes,264
1000.0202779453631,34.16063538607945,33.14904435409245,27.274716566964344,32.75330509194041,78,20,7.22788315367976,22.531900744739094,N,no,265
1019.6376389325638,20.00778557098218,18.14856673274835,10.9697828826256,17.65199149527032,76,39,7.590058182647774,20.10464314135072,W,no,266
1019.6645568515061,29.073960795280883,29.068529276822265,24.30589371267174,28.670429900702306,75,87,8.034665616106729,5.161251380383536,E,no,267
1024.5132708073988,34.763098189285444,32.651528520410146,33.441346678359835,32.43904360420861,77,93,6.1102158308615095,7.064030664168516,E,no,268
1026.4296698494081,17.742585894870913,13.875283476617792,10.211007884960233,13.475844783059156,84,18,11.297941962387105,16.26582428939264,S,no,269
1013.2029826233955,29.448640527286447,26.308240335581935,27.934899218843636,25.0731106525029,82,27,11.026559832670056,7.009302249552776,N,no,270
1017.6872175328454,22.680638186862414,17.864394634096094,19.53560150504072,17.444904067668393,78,10,10.55916486407084,17.019981235266904,E,no,271
1023.3690895753978,28.809521500293076,24.57006097809328,22.22546779944164,23.665112977361684,81,65,9.75676738367067,12.835020317963071,N,no,272
1023.5140479872925,30.875560634534285,29.678855252407427,27.01670488689835,28.9556099855918,83,9,9.17856749531908,24.553938956866713,E,no,273
1028.0177320502264,17.63965761465404,13.335587594970303,11.955853726924431,12.239350206426007,84,97,7.704926870075875,24.747325296754696,N,no,274
1000.5006820531257,16.350651385455343,15.039724999645008,15.952382766083446,14.85831842088039,86,64,9.287560999521215,19.25258152202501,W,no,275
1012.7072570551509,23.045548212889997,19.842861771328238,17.66899463152949,19.384820439914826,79,10,9.243476508523344,9.063949879156556,S,no,276
1016.0917051866837,22.814630059366994,19.64315882260071,14.469365367519467,17.59999176847308,79,89,8.032569784747126,24.068559534321444,S,no,277
1001.7371783206939,16.724255967829787,14.551838024799691,12.19053754485836,12.725340811517361,82,94,6.829738197153129,8.51291807285592,N,no,278
1021.2370182135429,29.029992224477322,28.210829069800283,19.499830206930348,26.641812981615058,87,92,8.863765192368517,12.437388617833047,E,no,279
1021.9880751266512,17.36113440564726,12.861647272719624,14.011024142485315,11.573673564686496,84,33,7.778383758997522,16.53303349428368,N,no,280
1014.8844270680542,25.215637588519435,24.93844203430733,16.62203976164472,24.43779785634104,81,98,9.52547542489065,16.47824610384113,N,no,281
1006.8521326945976,25.176497698212934,24.956308161898885,16.54721274918682,24.222653810828774,84,49,6.418867273700064,8.579218675369034,N,no,282
1016.5859436548759,33.27895339042258,29.575624249889696,29.085260346794595,28.61021820647351,84,92,8.560324312178121,21.519939911050656,E,no,283
1003.5820278902444,28.466514334371837,28.203153588936466,26.234663724865317,26.655831196888215,80,51,10.635367811136275,14.301883558337723,E,no,284
1023.2058243851766,21.21395548094823,20.782027868781697,16.646493721502473,19.675269791324048,82,100,8.480453463659586,17.45435047784209,W,no,285
1011.0482088308836,34.43715490301857,29.448219321699046,26.678295343466022,27.250829311481247,85,31,10.627168116033902,23.64795065075697,N,no,286
1006.9899322557923,21.928473954788124,17.730603920307253,13.156487812272374,14.877633133876923,79,84,8.438625847659782,19.761653203847267,E,no,287
1003.1184705805468,25.596289781200248,24.40545180859592,20.67600101270127,24.22576658163635,89,91,8.780873645654818,5.8780053140631905,S,no,288
1026.9186241579437,25.39518436984074,21.890949821347345,21.670264629099933,18.967285450842592,80,12,9.232861180696121,17.74431360065384,W,no,289
1002.2449145298963,26.356414565784164,24.181500173609237,16.714231818456756,23.471184969383547,81,40,6.569790241091817,12.859053418148399,E,no,290
1009.541731577983,20.439117436649088,20.06568025763669,18.41199117385675,17.725869310230102,84,19,11.091711249486544,13.991334954806433,E,no,291
1012.1953765572764,25.71849098180047,20.89531737054933,23.642128725696935,19.970394215911814,80,15,11.247895559757374,21.15193809361083,E,no,292
1024.7916006381895,28.937559664741528,28.735910624198212,20.578312154861663,27.752529647543835,78,31,6.537999979118156,12.924889253595422,N,no,293
1020.3155013096722,20.203335854424477,15.249952752384942,19.89251492083688,14.036776073043418,81,95,7.349395539989596,6.894505539840942,N,no,294
1024.1169026033156,17.795860785462448,17.736076169615384,9.492137466516088,14.788374457164519,78,51,9.118801280920012,17.60595097207649,N,no,295
1017.4697140424219,20.176413046930517,16.112677588862446,19.958411219544388,15.919261480721717,85,56,6.83350667354496,6.8395727731403655,E,no,296
1003.6758297777242,33.845613220482306,33.59242471590603,24.604295965142967,32.29295558419001,83,63,10.592588534998542,18.664258335033658,S,no,297
1010.6182975801936,33.16608431743847,31.791175472317256,28.705970010971903,31.345281245110936,81,78,9.211076103773772,10.902103259994329,W,no,298
1026.4833572247674,24.580618599203092,24.142010843908054,20.750465838962953,22.88430638031906,80,67,9.41426122431627,24.881745547379268,N,no,299
1029.682108472846,30.638315336908498,28.842754787720672,25.19313727656798,27.38871633139915,82,64,9.111977906659943,10.408713695379477,N,no,300
1009.5663270198814,19.380403761461892,14.901579853390324,11.595020948177147,14.725806162555967,82,67,8.872835536642292,16.679778397024535,S,no,301
1029.2193958520052,17.00268674609915,13.718364639217981,14.337416735442321,11.269509154391777,81,7,8.039751381412444,23.9560495643931,W,no,302
1010.6441390369548,31.784445046118186,27.55834053428678,30.023441370318285,25.780782006742545,79,89,8.42608433656469,16.831249896914745,E,no,303
1028.4267620521005,26.272129735663874,23.456585281343784,24.389793086611313,20.492566650129856,79,63,8.029376992395035,8.511135353213016,N,no,304
1002.7077213055271,19.65246716166478,18.558422453206894,14.387982020179672,18.5563719640554,78,25,7.467772933449986,11.815180885335451,S,no,305
1027.563423619216,31.885681728753013,30.267737672228826,31.66655276631729,28.507910146955197,78,99,9.465397040006485,15.52589757154427,E,no,306
1028.8167625082726,22.471815601667466,17.76219953432726,18.515859978128923,17.4591030237852,70,17,6.780696643087869,19.647040508492815,W,no,307
1023.7552757499961,34.21324200737476,30.967340679150688,32.471215297819455,28.061111990151183,73,78,6.5050410370221154,9.464744279612848,S,no,308
1011.351523244416,29.679899467304118,28.207313143709506,27.902816582334484,28.201919423690907,73,73,8.58199286361199,24.88566261095261,N,no,309
1005.4624526804064,21.3643382372019,17.320303608351242,15.250526712922838,15.40136329000037,66,63,10.036783159257158,19.90686656203965,S,no,310
1010.4043037404969,21.390373582823187,18.209439731621345,11.759577337432564,15.744454315336416,70,93,5.706732423910891,13.932598681955877,E,no,311
1006.290528532015,28.8635215264253,27.11111571693872,20.993321465518694,24.949874952947816,63,56,7.217077527506157,24.382036502113703,W,no,312
1014.7924598042155,22.57425149548518,19.84413165709291,21.559965899113962,18.405663905901427,70,83,6.548782282204911,9.511654550232961,W,no,313
1002.2112816868412,31.915249680491208,30.440706614910557,28.72808060092463,27.585720220608195,61,21,7.140343661328484,8.218089898226422,N,no,314
1016.4113877583669,32.96248346239947,32.49696003549604,27.02217802187852,30.656025858159357,64,3,9.783383329270697,18.072703505307018,W,no,315
1004.7131133199235,17.025156219466712,15.997403835877027,15.125313643582858,13.905813724454955,66,93,7.43937284196672,18.21195785425947,E,no,316
1007.1264485484173,15.992708860770197,13.13385982148149,7.5941638123136865,12.673090017931287,61,54,10.48185820346514,21.477946141663228,W,no,317
1005.9902440228284,15.514713854633715,14.6605528961726,12.59659919417264,14.414744612033623,65,39,7.295617134665425,14.418889058991791,E,no,318
1002.7341063265204,25.882520584393607,24.95811448168337,17.02759365689822,23.849909486887537,60,33,9.141297885736154,10.268016193247181,E,no,319
1016.9273976374357,18.022613488470782,14.540258733237984,17.05558727821432,12.535835211545125,63,52,6.106472314132121,16.79452884607207,N,no,320
1025.2239149929076,31.36810429730747,29.27494392263522,26.012960177518174,26.674261881518532,58,30,9.018688594592657,6.579100995481664,N,no,321
1015.0630441094681,33.009101229431835,29.006849545828405,26.233752373671532,27.146030202780498,54,96,7.834801319059768,23.98122966056585,S,no,322
1029.1649463501326,31.169214426387263,30.538284433194566,26.93546543323127,27.573444624183818,56,80,9.660608746330883,16.900953092856163,E,no,323
1027.3241345719478,33.283478737971734,32.948418972728675,29.402487207824226,31.756353989657566,54,35,8.701559112289655,23.34323821566496,N,no,324
1023.5965191648331,27.461158571776163,24.848348519527118,23.265220229523877,23.605021323220182,52,75,7.586614565611729,24.296633294172583,N,no,325
1027.7478450027781,26.25367518954645,25.748722975419206,23.392746649057724,24.141822531981454,53,52,9.639316849148145,18.095753414270995,W,no,326
1001.1239701149314,20.508282840695074,19.789019487561706,14.421730199838805,17.70803572806043,49,42,7.707431229145106,5.985819510482225,W,no,327
1027.625049487185,32.940627242988455,32.8394628000221,24.76676798993568,31.930297939677807,50,62,6.468826083832129,18.697040542694538,S,no,328
1004.0315656290533,34.48438849206621,32.268835425409065,26.226155174268705,31.460575482382776,51,82,9.913565748485338,13.834331961183324,W,no,329
1022.2283439676003,30.189865904525135,25.853921051774005,21.979691980540533,24.308111943945335,48,39,7.672153008178053,13.067702820248874,N,no,330
1005.2121206803836,32.50361112250833,31.499977242005723,31.927335963872785,31.400764108481766,46,46,7.556830273899818,10.479549969487179,W,no,331
1015.1537912481149,27.70819618151688,27.088831887063378,27.402564257696945,25.971431602457457,51,22,6.7573981085985615,14.491645781230961,E,no,332
1010.3274701156125,31.753075405134545,30.459775769301,23.44437339157859,30.18860000587869,44,6,11.065462972006898,16.445161220406014,S,no,333
1025.713335623149,27.94759783522964,24.559121604774788,25.256762042540068,23.330600015288162,44,99,5.184308221356098,18.64399463070899,W,no,334
1027.3454631415711,27.947431083500483,24.941721331027814,27.862793812351768,24.18455000694586,51,39,7.656297559476479,19.18736392896478,E,no,335
1012.7142040197886,22.529509045420014,20.785963049059607,20.009521952641254,19.385869002567958,49,79,8.434237300139399,7.046242059372004,E,no,336
1016.843713517638,26.87545085088165,25.462066461806163,20.03131949230996,24.016851205357245,45,35,8.097026271926723,22.229832005036613,E,no,337
1019.6835881570936,34.04375596230831,30.786423618745204,32.160155149908235,29.23454286200625,44,7,7.832850886832351,21.047274889056233,W,no,338
1019.8159097104339,28.615115007747637,25.008699019784583,22.06110930312322,22.016291721049697,44,53,8.917005526860247,19.734641914862245,S,no,339
1010.2950114890672,29.267385784143684,25.83579522948033,22.884249885367552,24.40858962427459,50,45,8.563425721965922,21.908384884891905,S,no,340
1008.8135215858227,24.41561745523574,20.7110229973914,17.163751084174542,19.03392802906684,49,87,5.762044210745675,18.088692887023065,S,no,341
1010.658501883595,29.88419858685616,28.34877223019512,22.00329421878017,27.35482081928279,43,37,8.9411968590612,7.3556294248307585,N,no,342
1025.991801090776,26.67149239485161,21.949987474851227,25.959335020810855,19.281709290440062,45,87,8.351653900972064,10.967115076349266,N,no,343
1026.1254743905902,18.01556902190525,13.053829757465586,14.588870172615248,10.092254959327066,49,58,10.123879238501807,22.247878866742322,S,no,344
1023.3682353230145,24.75161691496215,21.596453053648673,22.983374249327543,19.69295614619066,40,35,10.253088158324612,20.470845426411294,S,no,345
1014.6873127189004,30.271383342109985,29.83117662331476,24.126585954859365,27.93071400120698,44,61,8.863417899732696,5.75450636949876,S,no,346
1021.9197721123177,34.001372309636636,29.54134034864959,26.432894929865412,27.948238991936638,40,0,8.866565356641887,9.976462457517638,E,no,347
1009.3627678146058,17.054164466790922,14.537482073364076,13.993013545876796,14.341621005953284,40,37,8.980368440157477,15.405768244917677,E,no,348
1013.0099569010677,28.73560309342629,28.06665594276625,18.774213946577984,26.596119889006253,47,21,6.839578231465286,23.36410817682867,W,no,349
1000.5737419936996,19.48642726647389,14.562029644007588,17.374524974842444,14.49628982781074,45,15,9.867042743000757,18.010807602424492,N,no,350
1011.2557729802752,27.806421705452973,23.950173388735326,21.57507393233414,22.168401185110774,40,13,8.472161907996236,5.394835330282904,N,no,351
1012.5032669553863,22.60507525855229,19.868663334907662,17.86111187527492,19.409282040534354,47,80,10.353477259683741,13.417429128537265,N,no,352
1019.874488976667,20.399542990743782,17.371371306123763,19.027907760945695,14.879413144711094,42,92,7.071510224724763,10.654135363401851,N,no,353
1014.9321718957975,27.18003618713459,23.290241604149475,18.86504798206334,20.37088243719189,44,52,9.483243994996936,5.788114152571373,W,no,354
1027.3106988238603,28.76407830910747,26.360758595239137,26.41902564939191,26.32251039143331,42,14,7.543839173683794,18.3804386100328,S,no,355
1028.4833804719335,30.59052445168873,30.215283383550414,23.35476196722092,27.500945231680667,48,58,5.896670346211979,10.920443574208768,W,no,356
1001.5024058743884,31.263568278357653,26.892866032546856,22.741081420990554,25.812222040385194,49,54,7.227299021039119,6.899969406611605,N,no,357
1000.2901698318121,17.767888853453847,14.531895722557149,14.48128059276809,11.848312870423461,52,34,6.927622313012632,6.8590263087484455,E,no,358
1005.4860826091093,23.015550285615056,18.204000634866286,20.297219378113155,17.046854165588343,52,53,7.69576758063868,20.93819114070814,N,no,359
1003.9753472870968,29.528222241796016,24.620376389180073,21.08472376748155,24.309237071964965,53,61,6.7686760797745205,18.56786272498411,S,no,360
1018.3396947487631,30.583285891800955,27.52649379542393,21.95752814656002,24.886643055917975,52,16,9.264601718172505,14.762455539843062,W,no,361
1013.2206364078758,16.266720929982196,12.991853085615245,16.143118800122856,10.386856270039685,50,95,7.216754959383103,16.300244513747828,E,no,362
1015.5729903704904,28.764832869258548,25.673637789006477,24.436353798169424,23.493681883734926,51,84,6.938522158212795,12.697532348134287,N,no,363
1000.3493460215774,33.687428408403306,31.15959054897964,28.99453904196498,29.672085756704757,48,96,7.621760194277995,9.817836333944623,E,no,364
1001.5105214357964,19.454130463375982,16.237543889259722,15.421360528758754,15.532543889285861,52,73,8.29950707167313,22.131784483560345,W,no,365
1009.4818458226413,34.613414778914056,30.887219955627636,34.43572349042471,29.676900978711146,49,70,10.599151422608317,6.817910938230645,E,no,366
1026.7033269647518,26.246651441879756,22.97367152407507,21.684572209667216,21.951108922732068,57,28,7.218412801978738,11.639452511094635,W,no,367
1021.4997420438752,22.26589094339512,20.003228662521785,21.291520720162023,18.02649790110373,50,45,6.950580571827993,24.2886736690868,E,no,368
1016.430717450824,22.477807209208017,21.946196062959956,13.509036022427432,20.468929636416455,59,95,6.492204522743419,7.13923011039038,S,no,369
1005.6263020159481,33.604325183062905,31.639842733487036,29.033865100133013,29.295581522540772,59,13,7.954253290948632,5.930007238183396,N,no,370
1023.1643552091168,24.010091939179283,20.71780846417827,14.448188722921772,20.31390042088637,58,67,6.978930348434613,16.064526578084866,W,no,371
1025.1644833203675,24.658639270718524,22.116974775359107,15.447016130280513,21.58536745985267,59,93,6.063779229507529,7.071079222471353,E,no,372
1015.1233035805949,22.693252774874082,17.795748973848866,13.53415035790309,15.508625005063488,57,43,6.287541750439497,14.056914121627335,S,no,373
1004.1454001693604,27.050488993527633,22.618304716483884,21.927542768501894,20.089081422639403,61,40,7.640628218024275,23.710241549250714,S,no,374
1006.0266724697603,27.483351784107764,26.030454306711512,24.030415975121954,24.013333167557562,66,83,5.464102534416078,8.55625398515067,E,no,375
1021.3105818142158,30.215500496661335,27.404099439404206,24.38743778570275,24.57607848675128,65,86,6.540656383117066,21.827786048338233,E,no,376
1026.3243170486319,23.447727383420585,23.383874807897552,22.383022724936712,22.241263867292297,59,7,10.860487913676415,20.003700373401074,S,no,377
1029.5059718087202,28.667806573295742,27.935664622592263,28.047478333899914,25.582592419750164,62,69,10.458468083788365,21.280524351089372,N,no,378
1018.4832650128086,28.510520270391176,25.701095353555992,26.267446408910466,23.759737020595598,64,65,6.778464135645568,20.97643504979141,E,no,379
1020.7880822564275,15.939597625506641,14.03168448501768,11.773935250659857,11.667349894825033,68,70,10.33098903846125,19.873399324914978,S,no,380
1018.6168508683554,30.61849785751771,26.267907395911035,22.318663037966267,23.53344826468982,70,82,8.521294394913774,16.767706803473104,S,no,381
1023.28440235367,34.285796462520615,32.814907853498156,32.51153747763799,30.76693129839355,65,22,7.884602569868904,7.38707622545931,N,no,382
1012.855234432022,26.13197241190666,25.4816397613298,20.292111835067345,24.716591316932533,68,90,5.512527747645763,5.7988117864285975,E,no,383
1017.9064099604313,30.47321899717776,27.34638568438287,22.041819185232633,26.442921229436553,73,70,8.809572059181303,20.68062897141003,E,no,384
1015.7618520155464,34.13975435255007,31.536722915891552,26.277171959176496,31.058611438339245,72,51,10.520272230304668,9.423961622029056,S,no,385
1019.9000342932084,21.62133073222605,20.15345894637503,12.11824796862453,18.298617143424107,72,71,6.461557995373989,24.62266395230593,N,no,386
1003.441658542068,21.92014581645537,20.718406434289086,15.497502258243664,17.962584536727274,71,5,8.48724319615736,11.418740210141628,N,no,387
1011.5762780435214,25.80474625885123,24.390601287454245,16.69138699256505,21.924274094734347,73,65,8.472215512141409,5.877033218210035,S,no,388
1009.6093827144566,16.646908960970016,16.167126805538402,6.930621261905687,13.847171250830126,75,80,10.0726408894814,18.40670252286113,S,no,389
1025.948525671379,23.484189038822812,22.96455499295446,18.1066468985812,20.856326394151836,81,99,7.843811186605649,21.335086962543592,N,no,390
1022.4067247702278,18.07509154435291,15.778965368052702,14.757937789680033,15.516402674250106,72,32,8.569578973410945,16.49924588525583,S,no,391
1027.3295972329336,23.15265556991586,20.897027251195652,19.10817536287309,19.94781451343665,76,15,9.025828149694988,17.82845492963279,N,no,392
1022.6788179008553,26.712160266267784,23.207750109352773,25.986265818278014,20.423606858853773,74,100,6.570606704751004,17.13131682373661,E,no,393
1022.9582272306138,23.753522989364498,21.77795669822141,17.146291340292095,20.355993666117556,79,17,7.926230441965441,20.93540874086091,E,no,394
1028.804027952413,17.881510749169664,14.495065521644351,8.739821585323485,12.110014154946974,82,47,6.273041754459401,5.223004155386118,S,no,395
1003.6970547680049,15.100596781480103,12.117322344213452,9.729076295935494,9.276384176526836,78,95,6.392847584800931,19.518746933914965,S,no,396
1012.3796348807874,27.918630071201747,25.355866598463813,26.309086495557796,24.69350269039159,84,24,10.946887289384083,18.419558227011567,N,no,397
1025.5416316727642,33.64739730806297,28.675832055935803,29.034745271167033,27.026838226898303,79,8,10.586561925925224,8.948351848958321,W,no,398
1028.546197190326,22.142767180236447,18.786289351336194,19.797438692777245,17.93087791970663,78,24,9.931070313831373,14.0129195642987,E,no,399
1020.8037438804291,18.047899241082668,15.213589776222205,9.970901594666454,12.337613010433694,79,40,9.96912430727258,9.430514084130394,W,no,400
1008.3003950506695,22.189719995007785,18.791819095769913,18.87409049203439,17.351957184319996,82,99,8.492641017773323,16.033436523203942,S,no,401
1019.3665481224568,16.639473861723094,15.236394163536218,8.3750371294904,12.562503046739382,80,93,5.708320839605522,6.529247571144308,N,no,402
1025.4876181871844,27.632529889225097,23.569317890066145,21.843522016499488,21.2617171253586,81,4,9.162030007369209,15.86938647836237,W,no,403
1019.6172441784734,17.972659672173652,16.01016794293999,9.058284234962791,14.2413656786096,87,17,9.336494289147737,15.20823986687571,W,no,404
1010.9159667422251,15.21183366517402,14.017429642481062,5.571830981881687,11.071870045151954,86,96,7.50931659741809,13.924408876780035,S,no,405
1016.990717637996,26.316250660928084,21.955274889987617,24.854260130443183,19.75926146581082,89,5,10.805904413704859,14.752842967472956,N,no,406
1007.9307134530176,19.680373377026385,16.33744537697955,14.501521079085082,13.963064005513075,83,58,6.43224009340862,5.798093971697953,E,no,407
1003.0967503868944,34.36882801672412,31.200993107849524,31.63387486397278,28.97526398665662,85,72,9.690750917767751,18.073506262677686,E,no,408
1017.6303647428758,32.96453235081867,32.57534499560346,30.4486682485498,29.65732267055168,82,51,9.215509961201372,22.354388437424944,W,no,409
1023.779723603005,32.74343887034222,32.710450437478976,23.923096438456597,31.39075433521134,82,65,7.482614988058452,9.230342082715095,S,no,410
1004.720720580717,27.040405529335544,22.955630151587748,20.429309100229972,21.71178909630243,83,14,9.31241675305257,14.576292854401643,S,no,411
1017.7237269642754,27.94518468281105,25.89068864699505,25.508481608598355,25.50703330214776,85,17,8.512297875559225,5.783817304789672,S,no,412
1001.6773601248133,20.16519292033417,19.265005222452686,10.582809555488634,17.466932654067897,85,2,7.567455085234817,19.55948630895392,E,no,413
1028.4176160586808,19.3318683578377,16.29923886820814,14.61773380868914,14.854233671042975,81,52,7.955806427944,20.892321405209024,S,no,414
1018.696352167349,25.216098169165953,24.37748966119796,18.360186531124274,21.61043382666312,85,8,10.6909310641061,12.70923765483695,N,no,415
1000.4968788182024,25.45422686034317,20.907530744895606,18.610548548354828,18.427988188127816,84,22,9.180654072552613,17.29496338960734,N,no,416
1026.332579132289,25.628599003453434,21.866683248274043,24.696699345440976,19.88850541478407,87,69,6.482391106739633,22.93937905695063,W,no,417
1015.6613268898466,22.4075490049756,22.190357588293192,17.109383815578543,21.501898819156043,86,98,8.133817519004726,16.78096172282413,N,no,418
1012.7646819056309,20.090360563567465,16.261066111775193,10.989506996812615,16.00961336888716,83,69,8.576766476563925,8.780420274357414,N,no,419
1017.3396143740134,17.35657207962302,17.320601817370115,10.811110871591048,15.257301607036787,80,46,10.547083917752706,13.521431781586397,E,no,420
1007.8390868429043,25.722097817594044,22.89874662937977,19.603291047480894,19.923350606867622,80,26,9.413859208520318,20.67576833927075,W,no,421
1005.3615879349886,26.181876593069934,23.76307580492898,16.296793952820423,22.03012234565817,83,50,7.321087846976948,22.099978456471938,N,no,422
1022.4344258523967,23.931897548304384,20.435340336829118,22.31394637122302,19.791965912214877,79,43,7.135731333249203,17.280507340588777,N,no,423
1004.8221402739965,34.29140502749035,34.26495186012749,33.38051918510331,33.82896655262023,84,55,10.459296553429946,10.26183995928917,E,no,424
1002.401192100874,15.755106765701578,13.833476713571468,5.9106257593888465,11.991579941421326,79,91,5.3623508889424585,6.149260691660023,S,yes,425
1013.169161456237,19.034144856120292,15.749723742586077,10.995045764966456,14.891704207459991,73,76,7.927260748005896,18.96899465198382,S,no,426
1020.2207314303654,22.19479996550927,18.919704368589045,12.43834095605228,18.659175930866933,75,51,9.21436168321736,12.902862341024123,S,no,427
1015.5322810296789,29.738510802927898,29.395424943242602,28.836852226976394,28.541943582133463,80,74,8.779523758758787,24.265753301309775,E,no,428
1006.7888653888621,34.261142789501726,31.987347746207824,30.221578092436765,31.973393391509447,72,64,10.187675218037118,6.447719410534079,E,no,429
1010.1989768327062,17.34017995043728,14.773746514881386,14.76324608398761,13.160036346583485,78,32,7.8890406926435,24.321109112662118,W,no,430
1023.099015782015,30.149465700933447,25.343272074425375,25.56098140759221,23.96111075003184,75,3,9.53014918967082,10.156395296388007,W,no,431
1019.0098539267457,34.88396066730951,31.49939578698401,32.58465928141797,30.552203704897224,78,66,8.001740463013828,19.016371046331084,E,no,432
1007.4477282808623,16.860188603241834,13.491699019332765,8.649441708316532,13.263612557731697,76,60,9.230636102201867,9.371322675692475,E,no,433
1005.483533579212,29.923125160203472,25.271848843339896,28.02145018184299,23.060512099515716,69,30,7.0362875079585105,9.135572646440197,S,no,434
1025.0482144019818,31.726694199233783,29.946557332515418,23.937309394069352,29.586921854551104,66,84,7.856675683638938,5.132473523057133,N,no,435
1025.4403178726789,22.42393070767335,20.846846177813763,13.442718703744829,18.20388443217164,70,35,8.845973241967268,24.68789365355109,E,no,436
1011.9363849361448,30.003387715915615,29.362157965172546,24.74603327766511,28.09263036271633,73,4,9.407623939391637,12.874338457047958,S,no,437
1013.7158810294808,17.407363608217917,14.816337910775378,14.25085095370401,14.7910820963165,69,48,8.134958905102767,11.508723998308527,E,no,438
1005.6145732585856,20.256980692914002,18.909939545289102,10.671712522297671,17.88065016484472,63,54,9.867337589446718,19.014252536326016,E,no,439
1010.9523395868374,23.011851948444473,20.758206991055193,17.297754766651977,17.82038963560362,67,12,8.155922702925313,21.081751620144423,W,no,440
1025.6892621623465,18.921264282739717,14.92107699156653,11.535844142894401,13.502115917981637,59,53,8.442010869440747,24.91123540599203,E,no,441
1023.5599881008163,21.000683643068975,18.189991382710417,15.322338451015858,16.994785677120433,65,7,10.782663375220519,10.085793655595097,N,no,442
1013.4956445719138,21.693130770291255,19.888320665015648,16.08963042214861,17.092786937682344,60,2,9.901195476009047,12.021809796596852,S,no,443
1017.3056126928094,27.997309662272176,25.305118390246665,18.203578331914006,24.451292194758338,60,65,8.26253127847819,19.730523295243103,N,no,444
1011.4321299523854,20.730471531115782,17.571910578698436,19.28198814833511,17.069183972256834,63,43,9.030917560783275,17.246202762668965,W,no,445
1025.4670231581642,16.426881563531147,15.61688411879622,14.144702169652415,14.666249393709537,57,34,8.293075134879192,12.909106503613009,W,no,446
1023.429221107693,33.775396699184896,30.03591920680327,28.5660397828224,28.68505323742874,55,2,11.33480044633998,9.69254384368994,E,no,447
1028.2131201201398,29.013938568493685,28.61361487911595,27.344833918097162,28.30458693694529,53,60,8.057831280908532,5.52729826732482,W,no,448
1015.7194837402544,34.920274627693175,34.40063260758491,28.739252910854518,34.147698807628935,61,49,9.473146732250006,9.947930386303845,E,no,449
1013.2948128044189,17.52823414374547,14.894522454090069,15.822154300956646,14.789057511406437,54,41,6.858794291758733,14.343869533387055,E,no,450
1016.4563582341772,17.702298159829116,12.95986749904402,12.309422475252141,11.187374719306662,54,95,6.920744317870822,16.279689734425748,E,no,451
1027.2676945508647,24.633033654044286,23.497391430808776,23.737493428399855,22.573786874655433,53,19,10.102135422134554,5.001846927898561,S,no,452
1010.3165475174999,24.383959104880525,24.342373551898657,15.163075147439995,21.501501016294284,53,1,8.150653982816813,20.959295525092273,S,no,453
1023.9030215160291,25.964243914729934,25.02138901810496,17.142623229826494,23.710069918855595,50,91,6.494410729483112,12.794465397063918,W,no,454
1006.6177727869854,16.584194663500693,13.457579592220325,11.418094044919346,11.057702381291355,53,88,6.816798548107403,10.69353709346906,E,no,455
1012.3871162953974,32.06964046783208,31.157604572818865,29.173687474919227,29.246926444173823,52,34,7.817637010263139,14.839920280544376,E,no,456
1000.5818619174099,15.992641444461972,13.31778767916314,14.133265463046715,13.010967213193522,48,91,7.98791682276476,5.16408178699173,N,no,457
1004.5205108109246,24.871591063914906,23.162026794571773,21.755824211884352,20.763639738763562,54,59,7.335325986168359,5.63474242839942,N,no,458
1025.3063889780424,34.03288083465216,33.7526891126427,26.276351727526926,33.53853502839553,48,24,7.041505108418342,10.00158933062117,W,no,459
1024.84756142183,17.439231123715416,13.598502769459467,14.949607518643075,11.284826770377464,48,94,5.147322954181199,8.983597526078615,N,no,460
1015.6341736017185,34.64231702811228,32.278189303154704,27.82789382753375,31.341861206402495,46,80,6.758814610459437,19.894491573783892,N,no,461
1007.5993822100527,27.770400240840477,26.77678208182848,18.895204480405052,24.185809084579677,44,14,10.540170811082834,13.683233011441452,N,no,462
1005.0208106922486,20.522000876768956,19.923752916715262,12.63056307482007,19.896963349047237,42,100,6.54624292719101,18.768130778701945,S,no,463
1011.1419598990971,16.78959805499349,16.001105774006614,15.87558253195136,14.145171198692791,50,97,6.934338348952966,6.19550263218845,S,no,464
1021.0398442006901,30.829324887304253,30.200187598978122,28.502578578743616,27.255160466086622,49,96,8.343411305638949,22.835919028329684,S,no,465
1000.6405849805288,22.55537872883193,18.933382939470476,20.048416317825907,18.81491731132405,48,71,9.106427017795516,18.940755499913095,S,no,466
1017.0010520189911,25.872410885641674,24.254006507182726,21.188463674486048,21.65102098731125,46,70,9.798282954511173,15.622748606655817,W,no,467
1008.870179836322,20.26698537790864,18.431421842885943,20.259787090666144,16.51734365555533,44,23,7.125338137346511,17.394692131404472,E,no,468
1023.2804970339382,19.775731164320423,16.170713350900808,13.192836990522224,14.553843786120593,44,67,7.243879087211596,20.31468191019711,S,no,469
1018.3911772705158,21.45200079825588,18.247481149330515,20.347359457861838,16.677879531750808,40,16,10.786805999819459,5.6254750791309815,N,no,470
1014.5611086171009,16.975071732970648,14.120010826197152,8.612076466905734,12.146247051342247,45,89,7.268495439591313,5.9817125449112085,S,no,471
1018.1786087269735,16.41747921900244,11.766424034957186,14.330098284067427,10.292207530672364,48,10,9.459704282841834,17.778334328636554,E,no,472
1016.7405966841006,33.76487715399721,31.685111140448445,30.074190645412475,29.559809785511934,48,34,8.674895843541133,19.686006765125413,E,no,473
1002.3380612458147,19.318001264421156,16.7205748984675,18.30575005680334,16.027520888530876,43,24,8.889039891031514,9.975260581080267,S,no,474
1016.7527044003891,26.162832143185227,22.43229026180596,18.499997943024702,20.70259928481453,46,89,6.893788226132281,22.656480387464523,S,no,475
1023.7738479332022,25.9993093314107,23.47584542888089,19.423990521202825,21.874143997939512,46,45,6.587575146736391,16.001626847902383,E,no,476
1025.3456204470365,23.24686583342915,20.080661722501716,14.985316083021539,19.11030896235635,42,69,9.5503593197814,20.314164392685697,E,no,477
1010.8002563480254,24.048069484159317,19.248947329555026,24.046113205603234,19.144958622870398,43,2,9.371953205798356,24.868240191090784,E,no,478
1000.1970648691805,34.687888506336016,33.61377444236824,31.538841755842565,31.29920522640133,50,35,6.704439585146935,15.22542976682232,S,no,479
1002.8286138261266,24.207396113225183,23.42686058149542,21.557514320628986,20.757984524031034,43,32,7.3046288160867086,6.8381024257074525,W,no,480
1017.0719481076036,19.3487456044951,18.962737776841344,16.10182506409494,17.515138257657803,46,88,6.725760525754376,21.390305296727366,N,no,481
1017.8569360767874,21.007865076865492,17.353918267084108,15.245028115302105,17.118486079315545,42,98,8.368051777633646,22.595850053003684,W,no,482
1012.4956513785376,32.35662193902441,28.00768936841831,30.08944522540289,26.049351818937257,48,1,8.810564484841429,17.64387240744933,N,no,483
1009.1435017863773,15.823645043271263,13.123996396077917,14.32784485159825,11.616791564736218,45,6,8.511823788151945,24.94734606040756,W,no,484
1022.585206090316,26.505097077001533,26.054682314277876,22.185740375494635,23.695577418813045,45,43,10.727274436807088,16.428811810212586,N,no,485
1016.4445721505265,20.251159531634894,18.25852434480536,15.906248420203688,16.164912796030478,52,61,7.9835191134322985,14.757221996086656,S,no,486
1016.8350282943242,34.941575338790976,32.32033642740642,32.51842442152586,31.52156515532591,49,87,5.639309595524585,6.791892962534705,W,no,487
1012.7062180709692,21.966157136930487,20.36246532266714,16.027385646519782,20.289844831661334,48,44,8.038895027727483,24.803183645426635,W,no,488
1018.69546468835,23.80926848126613,19.188202446748996,21.47437251285239,17.132124764362192,48,93,5.876179274103998,7.247434815702086,N,no,489
1007.2914492969828,27.420048851777565,26.681663462451336,19.095601292947336,25.81860819570446,50,14,10.194409749729129,14.423806074671166,E,no,490
1006.2702862337261,25.76010915813972,24.741102393756695,20.527450343474406,23.9651283834799,53,93,5.17848935882198,18.901422872953894,N,no,491
1011.2982000968616,33.120805720020584,30.486810267367638,30.56624227439888,30.306480118640632,51,89,7.130176118043011,6.061704973125579,N,no,492
1001.9979337726485,28.207456509964224,24.892548331363447,19.0787687065095,23.81189090440382,50,37,6.922947785727594,17.98822289504457,S,no,493
1029.3937855319755,25.17080664286195,21.62236265118584,16.132086041403404,20.16837619568334,56,11,10.847913062912404,15.013016457377578,W,no,494
1016.820626242388,29.24938381038434,29.050621794110597,20.026682653543467,28.135839225292944,56,95,9.314973747045837,11.935598058150909,E,no,495
1010.661343997396,21.046524232060428,16.066552175826388,11.260645983454442,15.238917338827221,53,32,6.966613629044199,22.80804172157523,N,no,496
1028.324100946249,33.982328367262156,32.85441487912338,30.56446683877798,31.675875089127867,54,93,8.22896439072796,24.212113868891432,S,no,497
1012.520000094256,26.45797105919557,24.325646074133346,23.334143414777735,22.509539419520223,58,16,10.646213626694953,7.771530535970732,S,no,498
1025.877629847402,21.179967923243655,17.65428598431815,15.941913088224938,17.248528502786403,65,98,9.314238025537442,23.660598928458136,S,no,499
1009.5248863252582,26.146805961871376,21.403798141047567,24.96293305469959,20.451005373473915,65,93,9.992583268082328,11.373748910446746,W,no,500
1028.8358856166717,21.066962099523018,17.338913449579827,12.849976941338095,15.428371253546304,64,19,7.724460575136036,7.135428656868021,S,no,501
1000.7859466438996,34.719111861583826,31.63437933404236,28.66306674904526,29.79729326972801,64,29,7.983110574108196,12.185226690691026,W,no,502
1004.0225988259147,31.922764719234667,29.578947227702585,25.42707918848575,29.0270177943837,63,60,10.112436388291927,8.865196589570203,N,no,503
1012.2576748053444,34.37630161866758,29.749126202993033,24.87432119376842,29.08146356585541,67,25,7.711117051371854,6.322726484697787,W,no,504
1026.013870079158,24.79885797021727,23.17437983619704,20.22340867580015,22.43402831361228,65,5,8.860350210393527,21.486570295747246,E,no,505
1011.8245212610449,33.7827826652628,30.923110409679477,28.421188813425992,28.998928936220555,69,4,9.316754543881256,14.032191851273241,N,no,506
1026.3333981474868,19.914432990357675,17.225087273091056,10.076126553284766,17.107332406363593,67,97,6.906757234536398,5.985908983625521,E,no,507
1013.1866162414938,32.68795152076395,28.819566458113325,29.82880563644775,28.32010665301674,67,6,8.430235207491755,23.073512932991925,W,no,508
1024.8968051327993,24.033961756593108,20.420727799128944,22.902245894157158,18.084534373500823,74,89,7.4879644772668685,12.861334296101228,E,no,509
1013.5265756454122,18.577571578872313,15.625994202424042,11.451227665809286,15.02019818829657,70,32,9.739626099328792,17.971528605693944,S,no,510
1021.5512415915568,17.47088433670867,16.900059642588282,12.976900156461454,15.811229475116518,72,49,7.385630820726357,24.503828512380487,S,no,511
1011.3603589423774,22.612140185222934,18.77083856630099,13.48961239700161,17.074363830758486,74,19,10.809379518150593,7.892147478292399,N,no,512
1012.587450737073,21.190366108739635,17.347213996934922,16.72778376724891,15.467855447950335,70,16,6.87783060242043,5.070657971882868,E,no,513
1000.3662329447216,24.952552148015954,22.459340947797262,16.878006510814394,20.635389154721842,74,27,8.515688364078454,14.514239796063077,W,no,514
1013.2562608449321,27.024331331268264,26.99146621509251,18.202652681832205,26.157127402120665,77,26,11.235406000284852,7.965123363593807,E,no,515
1001.1016315546724,32.076585744683754,28.74160302995278,23.696441386757694,27.846278390026427,80,6,11.335561771357176,24.87470361266261,S,no,516
1020.1627148578422,27.22179512097308,23.764227030569746,21.272105257925887,21.40230429196899,74,58,7.093325954863195,12.20377295188305,N,no,517
1002.7937886346531,20.98588963193027,19.1430425045549,17.19649611602567,18.940042471091914,77,70,10.275370667396757,14.416336884281902,N,no,518
1020.8385831548441,20.488370855034667,17.853107188011563,15.24190876249758,15.765618695976048,80,13,8.883164622421246,24.586998914029984,N,no,519
1014.5098894962834,28.7730855650869,24.103627191145986,18.91030114164579,23.242065279733204,80,40,9.90169980356875,16.502853780243445,E,no,520
1027.8131610445037,27.285799616967786,24.80381498973189,19.993952176974048,23.31059164685491,83,78,9.276391802557294,10.80976128269101,S,no,521
1000.047427516775,15.47973595036352,12.352432238415254,14.3004787111508,9.808222872704693,83,53,8.869794302378141,11.67584513867647,S,no,522
1000.3389180393409,19.023742778601804,17.61560926234911,11.121787750139688,16.69229161461742,81,41,7.344836995075223,7.276735258972016,E,no,523
1010.2408475569001,29.487932856220237,26.407966141237814,29.19675903810563,25.881078876523823,80,43,6.5286011737408876,14.582165467167354,W,no,524
1023.9176315148677,27.913044413291495,25.505566797689692,21.641039536214606,22.829391817319937,82,42,8.847649623156002,21.283332469158328,N,no,525
1025.0531720789686,20.986874932787213,17.362054161040966,17.83184651842028,15.754397733894805,80,87,8.601403536515857,23.323729021553614,E,no,526
1001.9863912395268,17.98609812266529,13.782402354876211,14.594573943115867,12.656680021984892,83,21,8.725091794219276,12.791325477865174,N,no,527
1025.9378107150667,30.03080417339227,26.504473253164672,26.885810189449998,26.409588605627707,82,63,6.354756336896038,12.431671537742961,E,no,528
1006.4841963779405,21.046365972610225,20.485209611275614,13.196926140236142,18.151838436893232,88,56,8.3500265368471,20.980505568185922,S,no,529
1005.7063503578564,33.4727353578019,29.810530024022185,28.236455742760384,27.483930396422963,80,12,7.6493074101852825,23.76047693433562,S,no,530
1006.1556133012259,15.731050738598169,13.79310965999202,7.082948714225884,13.445601698805778,82,5,8.464738346333652,16.8857516157441,N,no,531
1009.9986926019659,32.78371751995977,32.26820337265661,25.12191567072982,30.031539197135455,79,97,8.499285507841005,22.842711688555134,E,no,532
1006.016665367606,20.731347542501915,18.069968513676834,13.003476568474131,16.05659638780571,82,20,10.231815570799247,5.305134349807805,N,no,533
1006.1973213872005,22.006362758482346,20.413938199222482,20.59079447056752,18.300877110809417,82,31,10.52362512263496,11.227551194021535,E,no,534
1016.2173130609798,16.0145236745587,15.86956024354549,6.981599597979491,15.718192211762231,83,11,9.647671273949863,8.579659865003464,W,no,535
1018.489460130548,21.248813023020638,17.161603127836482,14.119826175738993,15.148992331534675,85,96,6.257858581181788,16.355786045163164,N,no,536
1024.3855305319319,33.39378084221473,31.05240131531412,28.83793913474732,28.998967390898,87,59,8.467270626139111,23.94896540400303,S,no,537
1025.832888311677,27.338841744967215,22.774533691583635,23.418072561379702,20.67568982833635,86,100,5.6960420354305255,11.495221771789053,W,yes,538
1014.2600308610992,22.028816413678538,19.72260799515404,20.320800965655355,17.418783450859515,85,16,9.140251670221529,13.113719644777905,N,no,539
1009.7760918489433,27.989028255779147,24.02687355807341,22.661572596495834,22.82442413372011,83,79,9.2015446947534,8.180405791683752,W,no,540
1011.5144937633112,21.814283163583,17.74470463912534,15.904581173161251,15.391762709273753,83,100,8.288995826820774,18.882663136147606,S,no,541
1019.8783677077901,16.557888051773165,11.903571756391202,10.816005143671177,10.443680836892337,84,59,9.193109528605353,6.9530781838332185,W,no,542
1005.285220066019,34.117668927579174,33.76963075343205,33.03022258923044,31.327430593485843,86,48,9.402958785358997,17.89978230896067,N,no,543
1002.7159901449706,31.340671798425426,26.904364115554802,22.308111751291527,24.995965655483133,78,18,8.335593031152472,14.059488405474397,E,no,544
1011.6994798069236,26.558628297919,25.58029519703155,19.74346041805254,24.630502045271403,83,86,8.757249334808378,23.866665949922275,W,no,545
1021.5337366571829,33.30235829118857,28.35091200797897,27.475088512928036,26.516439739462662,82,16,7.417474102743541,6.248211170617175,N,no,546
1000.0252994231926,26.200605157129957,21.307124008378704,25.103621988017764,20.46049626932892,76,55,7.3888905886499625,12.88536647337888,E,no,547
1021.3532095513023,23.120653090114153,20.944702848089538,21.0084923431756,20.424472529300246,77,71,8.657024711544526,23.489640855832082,W,no,548
1004.6280187268118,34.94912086020942,31.598790450595082,33.60634637876366,31.38355246098191,75,92,5.735556587923269,18.15853393625246,S,yes,549
1019.2672869874407,23.317109325550906,21.036966053658297,15.427825080224498,19.22367751556791,78,23,9.268028203941325,13.48249369145185,W,no,550
1011.5414415349007,19.51481836822495,17.390959081746296,19.440518453243637,15.896488190833795,81,91,7.6713559753727,13.216756273294157,E,no,551
1001.0038562815413,15.757300640366907,13.340959979881188,12.071514652902987,11.600153635397405,82,10,11.089562600471622,19.62586366033674,E,no,552
1013.9480898194647,16.56469203879785,12.115114647275078,15.680228531471062,10.697759930229141,79,85,9.909590408054218,17.673753282308162,E,no,553
1018.3911734192313,33.07170545213613,30.396539144056202,32.96387145058986,29.034434828462445,80,73,6.870927262771354,13.420322142975706,E,no,554
1008.6762532966229,15.706524803497068,11.092202223187986,8.21227200970288,8.911287080927012,76,7,8.713499730186145,16.562821741264944,N,no,555
1019.6895965912263,20.835064174070325,17.148163788440307,20.56208329878568,15.69388322389722,71,9,7.562773719736829,10.556975938685383,S,no,556
1018.4739328058746,20.504342296400424,19.219563693450038,13.090050638032508,17.408099074380928,78,94,9.364321932675107,13.933063353563371,S,no,557
1007.8375776371049,29.015497451453786,26.590904882698293,21.021777387336115,24.00486159861535,71,10,6.963271831532186,16.91088183729974,S,no,558
1025.1284265881661,30.055225937602756,27.990486554949527,26.223556008132082,26.0084846891412,74,21,10.52571626269231,19.68722221878663,E,no,559
1001.6297735964346,20.287909918350564,16.190254871023495,19.762677948427754,14.798210086922884,71,60,7.06924727304832,20.04855706132341,S,no,560
1011.3940238245226,29.112156091640962,26.739208187820644,27.660657782085153,24.128374980271467,65,57,8.94997952645669,11.31377249386351,N,no,561
1002.9209296221387,25.625867044541856,23.85672657167587,17.183474216093302,22.025269867579926,70,34,9.645162966909778,10.341756314384394,N,no,562
1007.6603175672166,26.683536677234436,24.37799371002108,19.9306254858685,23.65260280485734,70,98,9.065371576847422,11.748132061618291,S,no,563
1009.3980948360888,15.211559783339776,15.169178950023573,14.532040233436398,13.935432650182346,67,87,8.030288983303441,9.38832651454965,E,no,564
1007.5568832143574,15.68083525057144,12.583849132167568,15.112016134626826,10.801433384749936,70,27,6.70755520375874,17.76165770318957,N,no,565
1002.5915912217887,27.093715687082298,25.213923486442656,19.455138024681606,23.27020597173248,68,23,7.059991848213782,18.91307267312154,E,no,566
1008.83705849952,28.209556927708096,27.83098604924782,23.67511927706515,24.845243928585855,67,88,5.723042535648525,20.397610183077994,E,no,567
1007.7200978611334,30.614625971614874,29.228188563841666,29.990752172857157,28.06241728064751,68,33,6.56197150391337,10.293297049094658,W,no,568
1002.0819544401143,34.58843960293923,33.585094031097114,30.66209515025693,31.648644499808878,58,69,6.77646338346401,9.36772996395324,N,no,569
1027.3782766852337,29.308006355016865,28.791570775252733,28.578811321227267,27.077537095717975,59,57,10.766176034491046,14.954027555712203,N,no,570
1027.98681170594,28.292116729987235,26.959934324410845,21.29156473659998,24.246081694048996,61,65,7.161971739682888,20.419812573593774,W,no,571
1013.0817300239011,31.880983073676738,27.976297888859882,24.027166022765275,26.355911737802842,54,88,6.150116703069587,14.641326832950659,E,no,572
1010.0031913850835,21.056561529727993,20.78058816381494,11.08640356677813,18.83936493530074,57,43,10.737716076628061,14.192787075110239,E,no,573
1019.4337771541894,18.532366090189736,18.33571017721254,14.690729338542884,17.76270069446663,59,13,8.586914712755286,12.185222430006197,N,no,574
1026.5564246399979,23.75967498650017,22.812352508356934,23.40269210022357,22.73625869190359,61,30,8.953837247611302,6.259852616897101,E,no,575
1014.9905245454476,34.29907691989098,30.24018648593477,24.63333552127085,30.190931628103115,54,43,7.201107340417356,5.856290669069864,N,no,576
1006.3503452704333,28.07699869086093,25.461400494385337,18.676100794714316,22.850800405678978,55,94,7.223271438442706,23.496316235070445,N,no,577
1022.0637917090037,24.77789426652067,24.682579232160244,15.706105484786926,22.8274629830057,51,83,9.6873113322867,8.44498017916999,N,no,578
1027.139870518596,31.414784460320636,30.928323258407556,25.3025255662728,28.422266787438776,48,13,11.169101590173561,16.89954814302552,S,no,579
1001.8933033506096,19.052822802396335,17.36610725124645,10.69386332260297,15.152322042222547,51,15,6.820733652856634,16.5193402090497,S,no,580
1009.6476965777041,34.29384779827322,33.22768861085843,33.837982341134406,32.70734566475737,47,35,10.593815986903381,13.303086484678214,E,no,581
1016.6022318970425,23.773224241084545,19.144846588097238,23.3662352974652,18.84494303606306,54,78,8.559344719586461,8.155073227827298,W,no,582
1002.4216782315857,15.1444798975308,10.51379511611574,8.077067412962757,8.732603546096424,48,88,6.202940983763311,20.451254170538853,S,no,583
1006.1848065576899,27.7965140746459,25.18107975398674,23.676200829643438,22.366810922646913,50,4,8.938640146404488,19.34397511182541,N,no,584
1018.8157496213504,30.651660606443848,28.912392772213117,30.605960193625773,28.205475750225467,45,67,5.776042602968073,17.378418797537876,S,no,585
1013.9264802121367,27.529284903306834,26.488741388949826,26.998594710598535,26.150704021860445,44,60,8.312425810980656,8.19519187065104,N,no,586
1001.620828429951,22.283861381570176,21.23591261750409,19.77004358439404,19.38545456612461,51,58,10.623412586732913,19.808337696262683,S,no,587
1004.7413683203217,15.58130450324139,13.006785915202666,14.872709518301757,12.300886422073047,46,74,8.890138428395009,8.975027910930924,E,no,588
1006.9018970680927,17.20265736075226,16.06374704116824,14.831473746487244,14.825960669090337,43,28,11.072351418175165,16.70184515184279,N,no,589
1026.7146653166112,17.898825439239317,13.259389857024964,13.348916713466462,12.097398945358993,42,92,9.189225385486294,12.171803709202392,E,no,590
1006.0663267230744,17.544235293879296,14.08318264632346,16.947718097536637,13.673678148278851,49,58,8.748880853235672,20.206791660722494,S,no,591
1026.592269158772,27.072719656942503,23.124984831831867,20.69272751814247,21.290400560544438,42,70,6.324979891266588,6.729486646010896,W,no,592
1025.8659715940798,19.328852086004744,16.96140712236369,14.701222919225012,16.91789555144771,44,31,10.140842780497076,13.684974399129604,S,no,593
1026.7546788440973,26.835432640649728,26.09058413174952,21.098424791861543,26.07535138802944,50,5,6.943632482340462,19.669526035876032,N,no,594
1012.7709293062512,22.88640312541564,18.837820519471904,15.91986806223149,18.543822908684422,45,10,9.007565167804112,5.2484598298609,W,no,595
1028.498016868086,17.65424003577317,16.17528789470197,11.177838051159657,15.903099379874849,44,39,10.410985832240266,14.185656734991387,N,no,596
1029.2926233533415,24.275212849950044,23.58209327657301,17.243863950543822,23.02725606185294,48,80,8.078521063033415,17.66804605742747,N,no,597
1011.5463780373561,28.815012772814352,26.160411138046918,25.849112960689517,23.901747105160233,46,78,7.727824467747309,20.88957506524718,N,no,598
1018.6136563601003,21.7138935231806,17.052677195080797,16.566528717145275,14.322664852568495,43,6,11.325167281368563,12.31181717892779,N,no,599
1010.9671343191936,18.505348063733077,15.71139577358279,17.8352889221599,13.583384365725205,42,42,9.966836473210385,7.271153576528786,W,no,600
